一级行业,二级行业,三级行业代码,三级行业,第1名代码,第1名名称,第1名质量分,第2名代码,第2名名称,第2名质量分,公式版本
交通运输,公路铁路,881443.SH,铁路运输,601816.SH,京沪高铁,68.5556,601006.SH,大秦铁路,49.7778,value-leader-v3.0.0
交通运输,公路铁路,881444.SH,高速公路,001965.SZ,招商公路,46.3083,600377.SH,宁沪高速,51.9728,value-leader-v3.0.0
交通运输,公路铁路,881445.SH,公共交通,600611.SH,大众交通,46.4667,600650.SH,锦江在线,60.9333,value-leader-v3.0.0
交通运输,物流,881453.SH,供应链服务,600704.SH,物产中大,62.9058,600057.SH,厦门象屿,62.7223,value-leader-v3.0.0
交通运输,物流,881454.SH,快递,002352.SZ,顺丰控股,46.0,600233.SH,圆通速递,67.7778,value-leader-v3.0.0
交通运输,物流,881455.SH,跨境物流,601598.SH,中国外运,49.3439,001391.SZ,国货航,52.0081,value-leader-v3.0.0
交通运输,物流,881456.SH,仓储物流,603713.SH,密尔克卫,69.8667,600787.SH,中储股份,55.5333,value-leader-v3.0.0
交通运输,物流,881457.SH,公路货运,603223.SH,恒通股份,66.0,603569.SH,长久物流,63.2857,value-leader-v3.0.0
交通运输,航空机场,881447.SH,航空运输,600029.SH,南方航空,39.0476,600221.SH,海航控股,45.5544,value-leader-v3.0.0
交通运输,航空机场,881448.SH,机场,600009.SH,上海机场,56.6071,600004.SH,白云机场,61.3571,value-leader-v3.0.0
交通运输,航运港口,881450.SH,港口,600018.SH,上港集团,65.2444,601018.SH,宁波港,66.1778,value-leader-v3.0.0
交通运输,航运港口,881451.SH,航运,601919.SH,中远海控,58.3995,601872.SH,招商轮船,62.2518,value-leader-v3.0.0
传媒,出版业,881381.SH,教育出版,601928.SH,凤凰传媒,54.9881,601098.SH,中南传媒,43.6548,value-leader-v3.0.0
传媒,出版业,881382.SH,大众出版,601921.SH,XD浙版传,66.1,000719.SZ,中原传媒,82.025,value-leader-v3.0.0
传媒,出版业,881383.SH,其他出版,601858.SH,中国科传,69.0,300364.SZ,中文在线,24.5714,value-leader-v3.0.0
传媒,广告营销,881371.SH,互联网广告,300058.SZ,蓝色光标,53.396,002131.SZ,利欧股份,58.3421,value-leader-v3.0.0
传媒,广告营销,881372.SH,其他广告营销,002027.SZ,分众传媒,86.25,002654.SZ,万润科技,42.0833,value-leader-v3.0.0
传媒,广播电视,881384.SH,广播电视,600637.SH,东方明珠,57.1857,000156.SZ,华数传媒,70.7143,value-leader-v3.0.0
传媒,影视院线,881374.SH,影视制作,300251.SZ,光线传媒,82.95,300133.SZ,华策影视,64.7333,value-leader-v3.0.0
传媒,影视院线,881375.SH,发行院线,002739.SZ,儒意电影,60.0612,600977.SH,中国电影,44.1326,value-leader-v3.0.0
传媒,数字媒体,881377.SH,视频音频媒体,300413.SZ,芒果超媒,82.6667,600640.SH,国脉文化,15.3333,value-leader-v3.0.0
传媒,数字媒体,881378.SH,文字图片媒体,603888.SH,新华网,76.5333,603000.SH,人民网,56.1333,value-leader-v3.0.0
传媒,游戏,881369.SH,游戏,002602.SZ,世纪华通,72.4936,002555.SZ,三七互娱,69.6408,value-leader-v3.0.0
公用事业,水务,881468.SH,水务,000598.SZ,兴蓉环境,76.0846,600008.SH,首创环保,53.3821,value-leader-v3.0.0
公用事业,燃气,881467.SH,燃气,600803.SH,新奥股份,63.3165,600956.SH,新天绿能,65.9327,value-leader-v3.0.0
公用事业,电力,881460.SH,水力发电,600900.SH,长江电力,63.2152,600025.SH,华能水电,61.4165,value-leader-v3.0.0
公用事业,电力,881461.SH,火力发电,600011.SH,华能国际,64.3734,601991.SH,大唐发电,57.8115,value-leader-v3.0.0
公用事业,电力,881462.SH,热力服务,600167.SH,联美控股,62.9936,600226.SH,亨通股份,29.9921,value-leader-v3.0.0
公用事业,电力,881463.SH,风力发电,600930.SH,华电新能,48.6558,,,,value-leader-v3.0.0
公用事业,电力,881464.SH,光伏发电,000591.SZ,太阳能,74.0635,600032.SH,浙江新能,63.4804,value-leader-v3.0.0
公用事业,电力,881465.SH,核力发电,003816.SZ,中国广核,54.3333,601985.SH,中国核电,64.3333,value-leader-v3.0.0
公用事业,电力,881466.SH,电能综合服务,600483.SH,福能股份,76.7333,000875.SZ,电投绿能,54.0667,value-leader-v3.0.0
农林牧渔,养殖业,881112.SH,生猪养殖,002714.SZ,牧原股份,72.9333,300498.SZ,温氏股份,67.7667,value-leader-v3.0.0
农林牧渔,养殖业,881113.SH,肉鸡养殖,002299.SZ,圣农发展,67.7111,300761.SZ,立华股份,51.1333,value-leader-v3.0.0
农林牧渔,养殖业,881114.SH,其他养殖,002321.SZ,华英农业,77.0,300313.SZ,天山生物,23.0,value-leader-v3.0.0
农林牧渔,农产品加工,881124.SH,粮油加工,300999.SZ,金龙鱼,59.5667,000019.SZ,深粮控股,57.5333,value-leader-v3.0.0
农林牧渔,农产品加工,881125.SH,果蔬加工,600251.SH,冠农股份,70.4444,603336.SH,宏辉果蔬,56.6667,value-leader-v3.0.0
农林牧渔,农产品加工,881126.SH,其他农产品加工,300138.SZ,晨光生物,60.2667,000930.SZ,中粮科技,49.8667,value-leader-v3.0.0
农林牧渔,动物保健,881127.SH,动物保健,300119.SZ,瑞普生物,60.5455,600195.SH,中牧股份,49.904,value-leader-v3.0.0
农林牧渔,林业,881115.SH,林业,000592.SZ,平潭发展,36.6429,002679.SZ,福建金森,74.1667,value-leader-v3.0.0
农林牧渔,渔业,881117.SH,水产养殖,600467.SH,好当家,77.5,300094.SZ,国联水产,25.4167,value-leader-v3.0.0
农林牧渔,渔业,881118.SH,水产捕捞,000798.SZ,中水渔业,46.2381,600097.SH,开创国际,54.3333,value-leader-v3.0.0
农林牧渔,种植业,881107.SH,粮食种植,600598.SH,北大荒,78.0,601952.SH,苏垦农发,22.0,value-leader-v3.0.0
农林牧渔,种植业,881108.SH,食用菌,002772.SZ,众兴菌业,69.7778,300511.SZ,雪榕生物,31.3333,value-leader-v3.0.0
农林牧渔,种植业,881109.SH,种子,000998.SZ,隆平高科,49.35,600313.SH,农发种业,45.2857,value-leader-v3.0.0
农林牧渔,种植业,881110.SH,其他种植业,601118.SH,海南橡胶,56.4127,600108.SH,亚盛集团,68.0317,value-leader-v3.0.0
农林牧渔,饲料,881120.SH,畜禽饲料,002100.SZ,天康生物,66.2222,600866.SH,星湖科技,85.0555,value-leader-v3.0.0
农林牧渔,饲料,881121.SH,水产饲料,002311.SZ,海大集团,85.0,001313.SZ,粤海饲料,40.9444,value-leader-v3.0.0
农林牧渔,饲料,881122.SH,宠物食品,301498.SZ,乖宝宠物,64.6528,002891.SZ,中宠股份,51.1111,value-leader-v3.0.0
化工,农用化工,881056.SH,农药,600486.SH,扬农化工,65.2936,301035.SZ,润丰股份,58.4303,value-leader-v3.0.0
化工,农用化工,881057.SH,氮肥,000912.SZ,泸天化,69.3333,600227.SH,赤天化,25.2857,value-leader-v3.0.0
化工,农用化工,881058.SH,磷肥及磷化工,600096.SH,云天化,72.0357,600141.SH,兴发集团,45.5214,value-leader-v3.0.0
化工,农用化工,881059.SH,钾肥,000792.SZ,盐湖股份,47.3333,000408.SZ,藏格矿业,53.3333,value-leader-v3.0.0
化工,农用化工,881060.SH,复合肥,000902.SZ,新洋丰,67.7365,002539.SZ,云图控股,52.0341,value-leader-v3.0.0
化工,化学制品,881035.SH,聚氨酯,600309.SH,万华化学,68.2667,920261.BJ,一诺威,48.2778,value-leader-v3.0.0
化工,化学制品,881036.SH,涂料油墨,603823.SH,百合花,61.2373,,,,value-leader-v3.0.0
化工,化学制品,881037.SH,民爆制品,002683.SZ,广东宏大,61.0286,002226.SZ,江南化工,60.7587,value-leader-v3.0.0
化工,化学制品,881038.SH,纺织化学品,600352.SH,浙江龙盛,67.0078,002440.SZ,闰土股份,68.0791,value-leader-v3.0.0
化工,化学制品,881039.SH,氟化工,600160.SH,巨化股份,68.2183,600378.SH,昊华科技,58.9749,value-leader-v3.0.0
化工,化学制品,881040.SH,食品助剂,002001.SZ,新 和 成,80.6424,600299.SH,安迪苏,61.701,value-leader-v3.0.0
化工,化学制品,881041.SH,有机硅,600596.SH,新安股份,53.4071,603260.SH,合盛硅业,30.9184,value-leader-v3.0.0
化工,化学制品,881042.SH,胶黏剂及胶带,300041.SZ,回天新材,69.5619,603681.SH,永冠新材,54.9,value-leader-v3.0.0
化工,化学制品,881043.SH,其他化学制品,300910.SZ,瑞丰新材,75.4584,603181.SH,皇马科技,67.9985,value-leader-v3.0.0
化工,化学原料,881027.SH,煤化工,600989.SH,宝丰能源,83.3571,600426.SH,华鲁恒升,63.9714,value-leader-v3.0.0
化工,化学原料,881028.SH,钛白粉,002601.SZ,龙佰集团,71.5333,002145.SZ,钛能化学,75.6,value-leader-v3.0.0
化工,化学原料,881029.SH,氯碱,601216.SH,君正集团,83.6855,601678.SH,滨化股份,67.1863,value-leader-v3.0.0
化工,化学原料,881030.SH,纯碱,000683.SZ,博源化工,74.1111,603077.SH,和邦生物,49.9683,value-leader-v3.0.0
化工,化学原料,881031.SH,无机盐,603067.SH,振华股份,60.5357,,,,value-leader-v3.0.0
化工,化学原料,881032.SH,有机化工原料,002648.SZ,卫星化学,74.2511,600273.SH,嘉化能源,67.2762,value-leader-v3.0.0
化工,化学原料,881033.SH,其他化学原料,603938.SH,三孚股份,34.6549,002125.SZ,湘潭电化,61.7253,value-leader-v3.0.0
化工,化纤,881020.SH,涤纶,002493.SZ,荣盛石化,45.4803,601233.SH,桐昆股份,52.7181,value-leader-v3.0.0
化工,化纤,881021.SH,氨纶,002064.SZ,华峰化学,75.0,000949.SZ,新乡化纤,40.0,value-leader-v3.0.0
化工,化纤,881022.SH,粘胶纤维,600409.SH,三友化工,57.0,000420.SZ,吉林化纤,44.2857,value-leader-v3.0.0
化工,化纤,881023.SH,锦纶,600810.SH,神马股份,40.2143,601113.SH,华鼎股份,58.1667,value-leader-v3.0.0
化工,化纤,881024.SH,碳纤维,300699.SZ,光威复材,71.5556,688295.SH,中复神鹰,19.1111,value-leader-v3.0.0
化工,化纤,881025.SH,其他化学纤维,001369.SZ,双欣材料,75.9921,688722.SH,同益中,59.5556,value-leader-v3.0.0
化工,塑料,881045.SH,合成树脂,605589.SH,圣泉集团,66.3853,301216.SZ,万凯新材,46.9957,value-leader-v3.0.0
化工,塑料,881046.SH,塑料薄膜,601208.SH,东材科技,45.9994,000973.SZ,佛塑科技,60.7277,value-leader-v3.0.0
化工,塑料,881047.SH,改性塑料,600143.SH,金发科技,55.2569,002768.SZ,国恩股份,56.7597,value-leader-v3.0.0
化工,塑料,881048.SH,合成革,300180.SZ,华峰超纤,47.9365,002395.SZ,双象股份,61.0,value-leader-v3.0.0
化工,塑料,881049.SH,塑料助剂,300596.SZ,利安隆,76.2692,600746.SH,江苏索普,60.7637,value-leader-v3.0.0
化工,塑料,881050.SH,其他塑料制品,603150.SH,万朗磁塑,44.4536,605488.SH,福莱新材,34.9886,value-leader-v3.0.0
化工,日用化工,881017.SH,洗护用品,600315.SH,上海家化,49.3952,603193.SH,润本股份,70.5655,value-leader-v3.0.0
化工,日用化工,881018.SH,化妆品,603605.SH,珀莱雅,76.3515,300957.SZ,贝泰妮,64.3046,value-leader-v3.0.0
化工,橡胶,881052.SH,橡胶助剂,603650.SH,彤程新材,46.6667,300121.SZ,阳谷华泰,53.3333,value-leader-v3.0.0
化工,橡胶,881053.SH,炭黑,605183.SH,确成股份,73.8333,002068.SZ,黑猫股份,8.5357,value-leader-v3.0.0
化工,橡胶,881054.SH,橡胶制品,300320.SZ,海达股份,66.6659,605008.SH,长鸿高科,31.372,value-leader-v3.0.0
化工,非金属材料,881104.SH,非金属材料,688300.SH,联瑞新材,62.4414,603612.SH,索通发展,55.8333,value-leader-v3.0.0
医药医疗,中药,881256.SH,中药,000538.SZ,云南白药,59.9963,000999.SZ,华润三九,71.6836,value-leader-v3.0.0
医药医疗,化学制药,881232.SH,化学制剂,600276.SH,恒瑞医药,68.098,600196.SH,复星医药,59.8685,value-leader-v3.0.0
医药医疗,化学制药,881233.SH,原料药,000739.SZ,普洛药业,54.7365,600216.SH,浙江医药,67.9486,value-leader-v3.0.0
医药医疗,医疗器械,881242.SH,家用器械,002223.SZ,鱼跃医疗,71.6,002432.SZ,九安医疗,58.8,value-leader-v3.0.0
医药医疗,医疗器械,881243.SH,医疗设备,300760.SZ,迈瑞医疗,70.381,688271.SH,联影医疗,54.6735,value-leader-v3.0.0
医药医疗,医疗器械,881244.SH,医疗耗材,300677.SZ,英科医疗,40.3027,300003.SZ,乐普医疗,55.6296,value-leader-v3.0.0
医药医疗,医疗器械,881245.SH,体外诊断,300482.SZ,万孚生物,32.1429,688389.SH,普门科技,64.8333,value-leader-v3.0.0
医药医疗,医疗器械,881246.SH,制药装备,300358.SZ,楚天科技,50.4,300171.SZ,东富龙,45.9556,value-leader-v3.0.0
医药医疗,医疗服务,881248.SH,诊断服务,300244.SZ,迪安诊断,61.8667,603882.SH,金域医学,49.0095,value-leader-v3.0.0
医药医疗,医疗服务,881249.SH,医疗研发外包,603259.SH,药明康德,77.9399,300759.SZ,康龙化成,63.0633,value-leader-v3.0.0
医药医疗,医疗服务,881250.SH,医院,300015.SZ,爱尔眼科,81.6825,002044.SZ,美年健康,55.7143,value-leader-v3.0.0
医药医疗,医疗服务,881251.SH,其他医疗服务,301235.SZ,华康洁净,68.25,000504.SZ,南华生物,37.6667,value-leader-v3.0.0
医药医疗,医疗美容,881258.SH,医美耗材,300896.SZ,爱美客,72.6667,688363.SH,华熙生物,31.6667,value-leader-v3.0.0
医药医疗,医药商业,881253.SH,医药流通,601607.SH,上海医药,68.2387,600998.SH,九州通,58.6909,value-leader-v3.0.0
医药医疗,医药商业,881254.SH,线下药店,603939.SH,益丰药房,72.4444,603233.SH,大参林,68.7778,value-leader-v3.0.0
医药医疗,生物制品,881235.SH,血液制品,002252.SZ,上海莱士,47.2389,600161.SH,天坛生物,65.7556,value-leader-v3.0.0
医药医疗,生物制品,881236.SH,疫苗,600739.SH,辽宁成大,53.6515,300142.SZ,沃森生物,56.5455,value-leader-v3.0.0
医药医疗,生物制品,881237.SH,抗体,688578.SH,艾力斯,75.8444,688331.SH,荣昌生物,45.2278,value-leader-v3.0.0
医药医疗,生物制品,881238.SH,诊断试剂,300832.SZ,新产业,79.6056,603658.SH,安图生物,73.6868,value-leader-v3.0.0
医药医疗,生物制品,881239.SH,基因药物,603087.SH,甘李药业,60.5249,600867.SH,通化东宝,68.9058,value-leader-v3.0.0
医药医疗,生物制品,881240.SH,其他生物制药,688235.SH,百济神州,57.6999,688278.SH,特宝生物,81.2601,value-leader-v3.0.0
商贸,一般零售,881201.SH,超市及便利店,002697.SZ,红旗连锁,79.7778,601933.SH,永辉超市,15.9048,value-leader-v3.0.0
商贸,一般零售,881202.SH,百货,000501.SZ,武商集团,64.05,600859.SH,王府井,52.4667,value-leader-v3.0.0
商贸,一般零售,881203.SH,多业态零售,600827.SH,百联股份,49.0303,600729.SH,重百集团,66.9394,value-leader-v3.0.0
商贸,专业连锁,881205.SH,专业连锁,002416.SZ,爱施德,45.0,301078.SZ,孩子王,67.3333,value-leader-v3.0.0
商贸,商业物业经营,881204.SH,商业物业经营,600415.SH,小商品城,71.2055,000061.SZ,农 产 品,57.2444,value-leader-v3.0.0
商贸,电子商务,881208.SH,综合电商,002127.SZ,南极电商,50.0,,,,value-leader-v3.0.0
商贸,电子商务,881209.SH,跨境电商,301381.SZ,赛维时代,60.0298,002315.SZ,焦点科技,81.1452,value-leader-v3.0.0
商贸,电子商务,881210.SH,电商服务,003010.SZ,若羽臣,62.0,002264.SZ,新 华 都,57.963,value-leader-v3.0.0
商贸,贸易,881206.SH,贸易,601061.SH,中信金属,44.2923,600710.SH,苏美达,61.3663,value-leader-v3.0.0
国防军工,军工电子,881291.SH,军工电子,302132.SZ,中航成飞,57.8412,002179.SZ,中航光电,67.4258,value-leader-v3.0.0
国防军工,地面兵装,881287.SH,地面兵装,600967.SH,内蒙一机,55.1091,002265.SZ,建设工业,56.8413,value-leader-v3.0.0
国防军工,航天装备,881289.SH,航天装备,601698.SH,中国卫通,67.3056,688818.SH,电科蓝天,51.0715,value-leader-v3.0.0
国防军工,航海装备,881290.SH,航海装备,600150.SH,中国船舶,62.2762,603268.SH,松发股份,46.7452,value-leader-v3.0.0
国防军工,航空装备,881288.SH,航空装备,600760.SH,中航沈飞,59.6552,000768.SZ,中航西飞,44.5823,value-leader-v3.0.0
家电,厨卫电器,881195.SH,厨房电器,002508.SZ,老板电器,87.1333,002543.SZ,万和电气,56.0,value-leader-v3.0.0
家电,厨卫电器,881196.SH,卫浴电器,603366.SH,日出东方,22.0,603551.SH,奥普科技,78.0,value-leader-v3.0.0
家电,家电零部件,881198.SH,家电零部件,002050.SZ,三花智控,68.4927,002011.SZ,盾安环境,64.449,value-leader-v3.0.0
家电,小家电,881191.SH,厨房小家电,002032.SZ,苏 泊 尔,64.7167,002705.SZ,新宝股份,66.5333,value-leader-v3.0.0
家电,小家电,881192.SH,清洁小家电,603486.SH,科沃斯,75.1238,688169.SH,石头科技,60.7429,value-leader-v3.0.0
家电,小家电,881193.SH,个护小家电,603868.SH,飞科电器,84.7143,603579.SH,荣泰健康,59.8572,value-leader-v3.0.0
家电,白色家电,881185.SH,空调,000333.SZ,美的集团,54.0,000651.SZ,格力电器,69.1111,value-leader-v3.0.0
家电,白色家电,881186.SH,冰洗,600690.SH,海尔智家,62.9333,002668.SZ,TCL智家,69.2762,value-leader-v3.0.0
家电,黑色家电,881188.SH,电视,600060.SH,海信视像,78.2222,002429.SZ,兆驰股份,51.1111,value-leader-v3.0.0
家电,黑色家电,881189.SH,其他黑色家电,000810.SZ,创维数字,60.2917,000801.SZ,四川九洲,72.5,value-leader-v3.0.0
建材,水泥,881092.SH,水泥制造,600585.SH,海螺水泥,65.1126,600801.SH,华新建材,71.4329,value-leader-v3.0.0
建材,水泥,881093.SH,水泥制品,003037.SZ,三和管桩,59.6333,002302.SZ,西部建设,53.8286,value-leader-v3.0.0
建材,玻璃玻纤,881095.SH,玻璃制造,601636.SH,旗滨集团,67.6667,300395.SZ,菲利华,71.1428,value-leader-v3.0.0
建材,玻璃玻纤,881096.SH,玻纤制造,600176.SH,中国巨石,67.3786,002080.SZ,中材科技,58.1083,value-leader-v3.0.0
建材,装饰建材,881098.SH,陶瓷,003012.SZ,东鹏控股,82.8889,002918.SZ,蒙娜丽莎,51.5556,value-leader-v3.0.0
建材,装饰建材,881099.SH,管材,002372.SZ,伟星新材,79.5333,002108.SZ,沧州明珠,36.8333,value-leader-v3.0.0
建材,装饰建材,881100.SH,耐火材料,002392.SZ,北京利尔,56.4524,002225.SZ,濮耐股份,43.2738,value-leader-v3.0.0
建材,装饰建材,881101.SH,防水材料,002271.SZ,东方雨虹,72.1667,300715.SZ,凯伦股份,48.8333,value-leader-v3.0.0
建材,装饰建材,881102.SH,涂料,603737.SH,三棵树,50.0,,,,value-leader-v3.0.0
建材,装饰建材,881103.SH,其他建材,000786.SZ,北新建材,84.4708,002043.SZ,兔 宝 宝,74.8,value-leader-v3.0.0
建筑,专业工程,881411.SH,化学工程,601117.SH,中国化学,53.0,002140.SZ,东华科技,67.5,value-leader-v3.0.0
建筑,专业工程,881412.SH,钢结构,002541.SZ,鸿路钢构,60.8333,601096.SH,宏盛华源,55.8594,value-leader-v3.0.0
建筑,专业工程,881413.SH,国际工程,600970.SH,中材国际,78.4444,000065.SZ,北方国际,47.6667,value-leader-v3.0.0
建筑,专业工程,881414.SH,其他专业工程,601618.SH,中国中冶,39.5302,603929.SH,亚翔集成,69.3107,value-leader-v3.0.0
建筑,基础建设,881408.SH,基建工程,601390.SH,中国中铁,58.93,601186.SH,中国铁建,52.9111,value-leader-v3.0.0
建筑,基础建设,881409.SH,园林工程,002200.SZ,交投生态,65.2048,603316.SH,诚邦股份,47.2714,value-leader-v3.0.0
建筑,工程咨询服务,881415.SH,工程咨询服务,600720.SH,中交设计,65.0474,003013.SZ,地铁设计,65.981,value-leader-v3.0.0
建筑,房屋建设,881406.SH,房屋建设,601668.SH,中国建筑,83.0,600170.SH,上海建工,51.4222,value-leader-v3.0.0
建筑,装修装饰,881416.SH,装修装饰,601886.SH,江河集团,75.1558,002081.SZ,金 螳 螂,61.3698,value-leader-v3.0.0
房地产,房产服务,881423.SH,物业管理,001914.SZ,招商积余,64.2667,300917.SZ,特发服务,57.9667,value-leader-v3.0.0
房地产,房产服务,881424.SH,租赁经纪,000560.SZ,我爱我家,71.9524,002285.SZ,世联行,27.5476,value-leader-v3.0.0
房地产,房地产开发,881419.SH,住宅开发,600048.SH,保利发展,66.5824,001979.SZ,招商蛇口,60.9962,value-leader-v3.0.0
房地产,房地产开发,881420.SH,商业地产,600663.SH,陆家嘴,66.1333,600007.SH,中国国贸,78.1333,value-leader-v3.0.0
房地产,房地产开发,881421.SH,产业地产,600848.SH,上海临港,42.1125,600895.SH,张江高科,47.5,value-leader-v3.0.0
有色,工业金属,881072.SH,铜,601899.SH,紫金矿业,80.8451,600362.SH,江西铜业,56.5353,value-leader-v3.0.0
有色,工业金属,881073.SH,铝,002379.SZ,宏桥控股,65.2319,601600.SH,中国铝业,68.0127,value-leader-v3.0.0
有色,工业金属,881074.SH,铅锌,000426.SZ,兴业银锡,66.8734,600497.SH,驰宏锌锗,47.901,value-leader-v3.0.0
有色,稀有金属,881083.SH,稀土,600111.SH,北方稀土,62.4445,600392.SH,盛和资源,61.3333,value-leader-v3.0.0
有色,稀有金属,881084.SH,钨钼,603993.SH,洛阳钼业,75.5143,600549.SH,厦门钨业,55.4976,value-leader-v3.0.0
有色,稀有金属,881085.SH,钛,688122.SH,西部超导,61.1667,600456.SH,宝钛股份,35.9667,value-leader-v3.0.0
有色,稀有金属,881086.SH,其他金属,001280.SZ,中国铀业,69.2956,000960.SZ,锡业股份,60.7071,value-leader-v3.0.0
有色,能源金属,881079.SH,锂,002460.SZ,赣锋锂业,51.6444,002466.SZ,天齐锂业,64.254,value-leader-v3.0.0
有色,能源金属,881081.SH,钴,603799.SH,华友钴业,56.6667,600711.SH,盛屯矿业,45.5556,value-leader-v3.0.0
有色,贵金属,881076.SH,黄金,600547.SH,山东黄金,43.3796,600489.SH,中金黄金,56.6111,value-leader-v3.0.0
有色,贵金属,881077.SH,白银,002716.SZ,湖南白银,16.0,000603.SZ,盛达资源,84.0,value-leader-v3.0.0
有色,金属新材料,881088.SH,磁性材料,300748.SZ,金力永磁,54.1333,600366.SH,宁波韵升,44.5542,value-leader-v3.0.0
有色,金属新材料,881089.SH,其他金属新材料,603124.SH,江南新材,32.3051,601137.SH,博威合金,38.5095,value-leader-v3.0.0
机械设备,专用设备,881304.SH,能源及重型设备,601717.SH,中创智领,71.9613,002353.SZ,杰瑞股份,62.3116,value-leader-v3.0.0
机械设备,专用设备,881305.SH,印刷包装机械,002611.SZ,东方精工,62.9875,688789.SH,宏华数科,74.7976,value-leader-v3.0.0
机械设备,专用设备,881306.SH,纺织服装设备,603337.SH,杰克科技,84.7556,002006.SZ,精工科技,69.7482,value-leader-v3.0.0
机械设备,专用设备,881307.SH,农用机械,601038.SH,一拖股份,66.9,002779.SZ,中坚科技,55.5387,value-leader-v3.0.0
机械设备,专用设备,881308.SH,楼宇设备,600835.SH,上海机电,49.2803,600894.SH,广日股份,65.6894,value-leader-v3.0.0
机械设备,专用设备,881309.SH,其他专用设备,002595.SZ,豪迈科技,73.4848,301200.SZ,大族数控,53.1752,value-leader-v3.0.0
机械设备,工程机械,881311.SH,工程机械整机,600031.SH,三一重工,48.168,000425.SZ,徐工机械,53.5023,value-leader-v3.0.0
机械设备,工程机械,881312.SH,工程机械零件,601100.SH,恒立液压,65.8579,603638.SH,艾迪精密,63.5613,value-leader-v3.0.0
机械设备,自动化设备,881314.SH,机器人,002747.SZ,埃斯顿,56.4581,300607.SZ,拓斯达,60.203,value-leader-v3.0.0
机械设备,自动化设备,881315.SH,工业控制设备,300124.SZ,汇川技术,65.3933,688777.SH,中控技术,36.7438,value-leader-v3.0.0
机械设备,自动化设备,881316.SH,激光设备,000988.SZ,华工科技,67.4727,002008.SZ,大族激光,65.7394,value-leader-v3.0.0
机械设备,自动化设备,881317.SH,其他自动化设备,603082.SH,北自科技,36.0754,,,,value-leader-v3.0.0
机械设备,轨交设备,881293.SH,轨交设备,601766.SH,中国中车,64.1842,688187.SH,时代电气,72.3551,value-leader-v3.0.0
机械设备,通用设备,881295.SH,仪器仪表,688808.SH,联讯仪器,47.1006,603100.SH,川仪股份,63.296,value-leader-v3.0.0
机械设备,通用设备,881296.SH,机床制造,300083.SZ,创世纪,24.044,601882.SH,海天精工,63.201,value-leader-v3.0.0
机械设备,通用设备,881297.SH,机械基础件,603699.SH,纽威股份,78.3906,603308.SH,应流股份,48.5008,value-leader-v3.0.0
机械设备,通用设备,881298.SH,金属制品,000039.SZ,中集集团,50.2399,600114.SH,东睦股份,68.2206,value-leader-v3.0.0
机械设备,通用设备,881299.SH,内燃机,000880.SZ,潍柴重机,62.0,600218.SH,全柴动力,37.3333,value-leader-v3.0.0
机械设备,通用设备,881300.SH,制冷空调设备,000811.SZ,冰轮环境,49.6488,301018.SZ,申菱环境,43.5696,value-leader-v3.0.0
机械设备,通用设备,881301.SH,磨具磨料,300861.SZ,美畅股份,63.4667,300179.SZ,四方达,55.6167,value-leader-v3.0.0
机械设备,通用设备,881302.SH,其他通用设备,002444.SZ,巨星科技,78.7962,001696.SZ,宗申动力,48.7814,value-leader-v3.0.0
汽车,乘用车,881213.SH,电动乘用车,002594.SZ,比亚迪,75.0,600733.SH,北汽蓝谷,22.2857,value-leader-v3.0.0
汽车,乘用车,881214.SH,综合乘用车,600104.SH,上汽集团,54.1333,601633.SH,长城汽车,78.8,value-leader-v3.0.0
汽车,商用车,881216.SH,商用载货车,000951.SZ,中国重汽,57.781,000800.SZ,一汽解放,47.3619,value-leader-v3.0.0
汽车,商用车,881217.SH,商用载客车,600066.SH,宇通客车,76.0,600686.SH,金龙汽车,51.75,value-leader-v3.0.0
汽车,摩托车及其他,881228.SH,摩托车,603129.SH,春风动力,70.2667,603766.SH,隆鑫通用,57.4667,value-leader-v3.0.0
汽车,摩托车及其他,881229.SH,其他交通设备,689009.SH,九号公司-WD,72.4,603529.SH,爱玛科技,66.7381,value-leader-v3.0.0
汽车,汽车服务,881225.SH,汽车经销商,600335.SH,国机汽车,75.0556,600822.SH,上海物贸,52.1111,value-leader-v3.0.0
汽车,汽车服务,881226.SH,汽车综合服务,601965.SH,中国汽研,76.8333,301215.SZ,中汽股份,81.8333,value-leader-v3.0.0
汽车,汽车零部件,881219.SH,车身附件及饰件,600660.SH,福耀玻璃,77.5776,600741.SH,华域汽车,54.8949,value-leader-v3.0.0
汽车,汽车零部件,881220.SH,底盘与发动机系统,000338.SZ,潍柴动力,53.3072,002126.SZ,银轮股份,52.0302,value-leader-v3.0.0
汽车,汽车零部件,881221.SH,轮胎轮毂,603049.SH,中策橡胶,61.9356,601058.SH,赛轮轮胎,71.6431,value-leader-v3.0.0
汽车,汽车零部件,881222.SH,其他汽车零部件,000887.SZ,中鼎股份,58.6159,600480.SH,凌云股份,58.2952,value-leader-v3.0.0
汽车,汽车零部件,881223.SH,汽车电子电气系统,002920.SZ,德赛西威,68.8704,600699.SH,均胜电子,48.8563,value-leader-v3.0.0
煤炭,焦炭加工,881005.SH,焦炭加工,600740.SH,山西焦化,50.5,600997.SH,开滦股份,74.6667,value-leader-v3.0.0
煤炭,煤炭开采,881003.SH,动力煤,601088.SH,中国神华,62.7241,601225.SH,陕西煤业,68.2667,value-leader-v3.0.0
煤炭,煤炭开采,881004.SH,炼焦煤,600985.SH,淮北矿业,57.336,601699.SH,潞安环能,53.5608,value-leader-v3.0.0
环保,环保设备,881470.SH,环保设备,000967.SZ,盈峰环境,48.9259,600388.SH,紫金龙净,64.7333,value-leader-v3.0.0
环保,环境治理,881472.SH,大气治理,600133.SH,东湖高新,55.4722,002549.SZ,凯美特气,66.3333,value-leader-v3.0.0
环保,环境治理,881473.SH,水治理,000544.SZ,中原环保,73.3676,600874.SH,创业环保,81.95,value-leader-v3.0.0
环保,环境治理,881474.SH,固废治理,002266.SZ,浙富控股,43.4349,600323.SH,瀚蓝环境,74.0565,value-leader-v3.0.0
环保,环境治理,881475.SH,生态修复,300355.SZ,蒙草生态,57.3334,688069.SH,德林海,59.537,value-leader-v3.0.0
环保,环境监测,881476.SH,环境监测,002658.SZ,雪迪龙,75.3333,300137.SZ,先河环保,19.2917,value-leader-v3.0.0
电力设备,光伏设备,881276.SH,光伏硅料,600438.SH,通威股份,59.7143,688303.SH,大全能源,54.7143,value-leader-v3.0.0
电力设备,光伏设备,881277.SH,光伏硅片,002129.SZ,TCL中环,43.3968,603185.SH,弘元绿能,74.3333,value-leader-v3.0.0
电力设备,光伏设备,881278.SH,光伏电池组件,002056.SZ,横店东磁,80.9237,688472.SH,阿特斯,72.3136,value-leader-v3.0.0
电力设备,光伏设备,881279.SH,光伏逆变器,300274.SZ,阳光电源,68.9167,605117.SH,德业股份,71.8333,value-leader-v3.0.0
电力设备,光伏设备,881280.SH,光伏辅材,603806.SH,福斯特,74.1184,601865.SH,福莱特,75.8972,value-leader-v3.0.0
电力设备,光伏设备,881281.SH,光伏加工设备,300316.SZ,晶盛机电,49.3143,300751.SZ,迈为股份,46.131,value-leader-v3.0.0
电力设备,其他发电设备,881285.SH,其他发电设备,601727.SH,上海电气,41.1824,600875.SH,东方电气,53.1482,value-leader-v3.0.0
电力设备,电机制造,881261.SH,电机制造,600580.SH,卧龙电驱,54.4359,002249.SZ,大洋电机,72.1254,value-leader-v3.0.0
电力设备,电池,881263.SH,锂电池,300750.SZ,宁德时代,78.5298,300014.SZ,亿纬锂能,64.863,value-leader-v3.0.0
电力设备,电池,881264.SH,电池化学品,300919.SZ,中伟新材,63.9513,002340.SZ,格林美,78.2426,value-leader-v3.0.0
电力设备,电池,881265.SH,锂电设备,300450.SZ,先导智能,68.0359,300457.SZ,赢合科技,66.4808,value-leader-v3.0.0
电力设备,电池,881266.SH,燃料电池,002733.SZ,雄韬股份,51.3333,920627.BJ,力王股份,66.0417,value-leader-v3.0.0
电力设备,电池,881267.SH,其他电池,688819.SH,天能股份,60.619,688411.SH,海博思创,43.1101,value-leader-v3.0.0
电力设备,电网设备,881269.SH,电工仪器,603556.SH,海兴电力,61.3737,300360.SZ,炬华科技,79.995,value-leader-v3.0.0
电力设备,电网设备,881270.SH,电网自动化,600406.SH,国电南瑞,65.8932,000400.SZ,许继电气,58.3572,value-leader-v3.0.0
电力设备,电网设备,881271.SH,输变电设备,600089.SH,特变电工,59.1664,002028.SZ,思源电气,69.7771,value-leader-v3.0.0
电力设备,电网设备,881272.SH,配电设备,601877.SH,正泰电器,73.1919,601567.SH,三星电气,60.5659,value-leader-v3.0.0
电力设备,电网设备,881273.SH,线缆部件及其他,603606.SH,东方电缆,76.3973,600577.SH,精达股份,61.878,value-leader-v3.0.0
电力设备,风电设备,881283.SH,风电整机,002202.SZ,金风科技,70.1667,601615.SH,明阳智能,37.8333,value-leader-v3.0.0
电力设备,风电设备,881284.SH,风电零部件,002487.SZ,大金重工,74.0739,600458.SH,时代新材,59.3247,value-leader-v3.0.0
电子,元器件,881334.SH,PCB,600183.SH,生益科技,62.3504,002384.SZ,东山精密,41.3917,value-leader-v3.0.0
电子,元器件,881335.SH,被动元件,300408.SZ,三环集团,62.4101,002138.SZ,顺络电子,69.4912,value-leader-v3.0.0
电子,光学光电,881330.SH,面板,000725.SZ,京东方Ａ,67.3174,,,,value-leader-v3.0.0
电子,光学光电,881331.SH,光学元件,002273.SZ,水晶光电,77.5666,300088.SZ,长信科技,44.5847,value-leader-v3.0.0
电子,光学光电,881332.SH,LED,300296.SZ,利亚德,65.0933,603515.SH,欧普照明,79.6803,value-leader-v3.0.0
电子,其他电子,881336.SH,其他电子,300475.SZ,香农芯创,47.833,000062.SZ,深圳华强,42.6207,value-leader-v3.0.0
电子,半导体,881320.SH,半导体材料,002409.SZ,雅克科技,64.6809,300666.SZ,江丰电子,57.1956,value-leader-v3.0.0
电子,半导体,881321.SH,半导体设备,002371.SZ,北方华创,62.5379,688012.SH,中微公司,62.1366,value-leader-v3.0.0
电子,半导体,881322.SH,集成电路设计,,,,688041.SH,海光信息,59.5313,value-leader-v3.0.0
电子,半导体,881323.SH,功率半导体,688396.SH,华润微,48.6418,300373.SZ,扬杰科技,78.1787,value-leader-v3.0.0
电子,半导体,881324.SH,半导体制造,688981.SH,中芯国际,65.3889,688347.SH,华虹宏力,48.5764,value-leader-v3.0.0
电子,半导体,881325.SH,半导体封测,600584.SH,长电科技,49.6697,002156.SZ,通富微电,64.6603,value-leader-v3.0.0
电子,消费电子,881327.SH,消费电子组件,002475.SZ,立讯精密,63.5213,601138.SH,工业富联,52.6737,value-leader-v3.0.0
电子,消费电子,881328.SH,品牌消费电子,688036.SH,传音控股,51.397,300866.SZ,安克创新,64.396,value-leader-v3.0.0
电子,电子化学品,881479.SH,电子化学品,300054.SZ,鼎龙股份,63.319,300285.SZ,国瓷材料,59.5284,value-leader-v3.0.0
石油,油服工程,881009.SH,油田服务,601808.SH,中海油服,63.3286,600871.SH,石化油服,35.0762,value-leader-v3.0.0
石油,油服工程,881010.SH,油气工程,600583.SH,海油工程,73.8333,600339.SH,中油工程,37.6667,value-leader-v3.0.0
石油,油气开采,881007.SH,油气开采,601857.SH,中国石油,46.1333,600938.SH,中国海油,62.8,value-leader-v3.0.0
石油,石油化工,881012.SH,炼油化工,600028.SH,中国石化,76.0,600346.SH,恒力石化,55.3333,value-leader-v3.0.0
石油,石油化工,881013.SH,石油贸易,600256.SH,广汇能源,65.0,000554.SZ,泰山石油,71.8333,value-leader-v3.0.0
石油,石油化工,881014.SH,其他石化,000819.SZ,岳阳兴长,65.1293,002221.SZ,东华能源,46.8265,value-leader-v3.0.0
社会服务,专业服务,881437.SH,人力资源服务,600861.SH,北京人力,59.4048,600662.SH,外服控股,54.0,value-leader-v3.0.0
社会服务,专业服务,881438.SH,检测服务,300012.SZ,华测检测,63.7176,002967.SZ,广电计量,66.8405,value-leader-v3.0.0
社会服务,专业服务,881439.SH,会展服务,600826.SH,兰生股份,62.0,300860.SZ,锋尚文化,33.4762,value-leader-v3.0.0
社会服务,专业服务,881440.SH,其他专业服务,600654.SH,中安科,47.6714,603373.SH,安邦护卫,89.0,value-leader-v3.0.0
社会服务,体育,881427.SH,体育,600158.SH,中体产业,20.6429,300651.SZ,金陵体育,77.0,value-leader-v3.0.0
社会服务,教育培训,881428.SH,教育培训,300492.SZ,华图山鼎,57.4861,002607.SZ,中公教育,37.8492,value-leader-v3.0.0
社会服务,旅游,881433.SH,旅游景区,300144.SZ,宋城演艺,75.2254,600054.SH,黄山旅游,59.2589,value-leader-v3.0.0
社会服务,旅游,881434.SH,旅游服务,601888.SH,中国中免,60.1945,000524.SZ,岭南控股,48.2341,value-leader-v3.0.0
社会服务,旅游,881435.SH,休闲综合,600138.SH,中青旅,78.7857,002059.SZ,云南旅游,17.7143,value-leader-v3.0.0
社会服务,酒店餐饮,881430.SH,酒店,600754.SH,锦江酒店,58.1667,600258.SH,首旅酒店,77.5,value-leader-v3.0.0
社会服务,酒店餐饮,881431.SH,餐饮,605108.SH,同庆楼,81.3333,000721.SZ,西安饮食,11.8571,value-leader-v3.0.0
纺织服饰,服装家纺,881158.SH,家纺,002083.SZ,孚日股份,47.8095,002293.SZ,罗莱生活,66.6667,value-leader-v3.0.0
纺织服饰,服装家纺,881159.SH,鞋帽及其他,603511.SH,爱慕股份,73.7247,603608.SH,天创时尚,45.6234,value-leader-v3.0.0
纺织服饰,服装家纺,881160.SH,运动服装,002832.SZ,比音勒芬,88.4445,300005.SZ,探路者,16.8889,value-leader-v3.0.0
纺织服饰,服装家纺,881161.SH,非运动服装,600177.SH,雅戈尔,58.5726,600398.SH,海澜之家,71.5778,value-leader-v3.0.0
纺织服饰,纺织制造,881152.SH,棉纺制品,601339.SH,百隆东方,63.1667,000726.SZ,鲁 泰Ａ,69.1111,value-leader-v3.0.0
纺织服饰,纺织制造,881153.SH,印染,600987.SH,航民股份,86.6667,605189.SH,富春染织,52.0,value-leader-v3.0.0
纺织服饰,纺织制造,881154.SH,辅料,002003.SZ,伟星股份,75.0,002674.SZ,兴业科技,29.3333,value-leader-v3.0.0
纺织服饰,纺织制造,881155.SH,其他纺织,603055.SH,台华新材,67.1981,603889.SH,新澳股份,69.2375,value-leader-v3.0.0
纺织服饰,饰品,881163.SH,钟表珠宝,600612.SH,老凤祥,65.794,600916.SH,中国黄金,40.6061,value-leader-v3.0.0
综合,综合类,881478.SH,综合类,600673.SH,东阳光,45.3529,000833.SZ,粤桂股份,74.2196,value-leader-v3.0.0
计算机,IT设备,881353.SH,安防设备,002415.SZ,海康威视,76.7817,002236.SZ,大华股份,70.2202,value-leader-v3.0.0
计算机,IT设备,881354.SH,其他IT设备,,,,000977.SZ,浪潮信息,57.691,value-leader-v3.0.0
计算机,云服务,881360.SH,云基础设施服务,300442.SZ,润泽科技,73.1917,300017.SZ,网宿科技,72.6906,value-leader-v3.0.0
计算机,云服务,881361.SH,云平台服务,300170.SZ,汉得信息,70.8889,688568.SH,中科星图,49.7222,value-leader-v3.0.0
计算机,云服务,881362.SH,云软件服务,688111.SH,金山办公,80.5926,002410.SZ,广联达,71.5397,value-leader-v3.0.0
计算机,云服务,881363.SH,其他云服务,000034.SZ,神州数码,51.4286,600850.SH,电科数字,74.5714,value-leader-v3.0.0
计算机,产业互联网,881365.SH,产联网信息服务,301299.SZ,卓创资讯,50.0,,,,value-leader-v3.0.0
计算机,产业互联网,881366.SH,产联网平台服务,603613.SH,国联股份,72.3333,300226.SZ,上海钢联,36.5833,value-leader-v3.0.0
计算机,产业互联网,881367.SH,产联网综合服务,002195.SZ,岩山科技,15.3333,688258.SH,卓易信息,81.6667,value-leader-v3.0.0
计算机,软件服务,881356.SH,基础软件,601360.SH,三六零,52.6964,300454.SZ,深信服,64.7979,value-leader-v3.0.0
计算机,软件服务,881357.SH,行业应用软件,600845.SH,宝信软件,68.44,301638.SZ,南网数字,65.7737,value-leader-v3.0.0
计算机,软件服务,881358.SH,新兴软件,002230.SZ,科大讯飞,70.5,688088.SH,虹软科技,80.5,value-leader-v3.0.0
轻工制造,包装印刷,881172.SH,印刷,002117.SZ,东港股份,66.6667,001279.SZ,强邦新材,45.1563,value-leader-v3.0.0
轻工制造,包装印刷,881173.SH,金属包装,002701.SZ,奥瑞金,74.2889,002752.SZ,昇兴股份,57.2889,value-leader-v3.0.0
轻工制造,包装印刷,881174.SH,塑料包装,600210.SH,紫江企业,77.0714,002014.SZ,永新股份,75.0179,value-leader-v3.0.0
轻工制造,包装印刷,881175.SH,纸包装,002831.SZ,裕同科技,70.5659,002303.SZ,美盈森,65.2758,value-leader-v3.0.0
轻工制造,包装印刷,881176.SH,其他包装,002243.SZ,力合科创,33.1389,603607.SH,京华激光,65.5556,value-leader-v3.0.0
轻工制造,家居用品,881178.SH,家具,603816.SH,顾家家居,79.2253,603833.SH,欧派家居,79.7398,value-leader-v3.0.0
轻工制造,家居用品,881179.SH,其他家居,603195.SH,公牛集团,75.2338,001386.SZ,马可波罗,78.2307,value-leader-v3.0.0
轻工制造,文娱用品,881181.SH,文化用品,603899.SH,晨光股份,70.6667,301101.SZ,明月镜片,69.6667,value-leader-v3.0.0
轻工制造,文娱用品,881182.SH,娱乐用品,001222.SZ,源飞宠物,58.7765,605299.SH,舒华体育,51.0952,value-leader-v3.0.0
轻工制造,造纸,881168.SH,大宗用纸,002078.SZ,太阳纸业,84.9444,600966.SH,博汇纸业,55.1278,value-leader-v3.0.0
轻工制造,造纸,881169.SH,生活用纸,002511.SZ,中顺洁柔,43.3333,605009.SH,豪悦护理,59.5,value-leader-v3.0.0
轻工制造,造纸,881170.SH,特种纸,603733.SH,仙鹤股份,64.9873,605007.SH,五洲特纸,42.308,value-leader-v3.0.0
通信,电信服务,881345.SH,电信运营服务,600941.SH,中国移动,53.0,601728.SH,中国电信,49.3333,value-leader-v3.0.0
通信,电信服务,881346.SH,电信增值服务,000839.SZ,国安股份,52.3522,300292.SZ,吴通控股,62.6992,value-leader-v3.0.0
通信,通信工程,881348.SH,网络规划设计,002544.SZ,普天科技,65.6667,300597.SZ,吉大通信,31.9048,value-leader-v3.0.0
通信,通信工程,881349.SH,网络工程施工,002929.SZ,润建股份,50.4,603220.SH,中贝通信,66.1333,value-leader-v3.0.0
通信,通信工程,881350.SH,网络优化运维,300310.SZ,宜通世纪,56.1333,603322.SH,超讯科技,53.5905,value-leader-v3.0.0
通信,通信设备,881339.SH,光纤光缆,600487.SH,亨通光电,61.6571,600522.SH,中天科技,60.7667,value-leader-v3.0.0
通信,通信设备,881340.SH,网络接配及塔设,300308.SZ,中际旭创,79.7539,300502.SZ,新易盛,75.848,value-leader-v3.0.0
通信,通信设备,881341.SH,系统设备,000063.SZ,中兴通讯,59.0,600498.SH,烽火通信,52.5,value-leader-v3.0.0
通信,通信设备,881342.SH,通信终端及配件,300628.SZ,亿联网络,84.3276,603236.SH,移远通信,52.0789,value-leader-v3.0.0
通信,通信设备,881343.SH,其他通信设备,300627.SZ,华测导航,78.4293,920045.BJ,蘅东光,42.803,value-leader-v3.0.0
钢铁,冶钢原料,881063.SH,铁矿石,001203.SZ,大中矿业,39.5667,000923.SZ,河钢资源,47.2333,value-leader-v3.0.0
钢铁,冶钢原料,881064.SH,冶钢辅料,600295.SH,鄂尔多斯,78.6667,600516.SH,方大炭素,19.3333,value-leader-v3.0.0
钢铁,普钢,881066.SH,长材,002110.SZ,三钢闽光,86.5,000717.SZ,中南股份,46.5,value-leader-v3.0.0
钢铁,普钢,881067.SH,板材,600019.SH,宝钢股份,78.0361,000932.SZ,华菱钢铁,69.2083,value-leader-v3.0.0
钢铁,普钢,881068.SH,其他钢材,000778.SZ,新兴铸管,49.0,601686.SH,友发集团,45.6667,value-leader-v3.0.0
钢铁,特钢,881069.SH,特钢,000708.SZ,中信特钢,70.3667,002318.SZ,久立特材,74.4524,value-leader-v3.0.0
银行,全国性银行,881387.SH,国有大型银行,601398.SH,工商银行,50.019,601939.SH,建设银行,57.219,value-leader-v3.0.0
银行,全国性银行,881388.SH,股份制银行,600036.SH,招商银行,62.5,601166.SH,兴业银行,64.5595,value-leader-v3.0.0
银行,地方性银行,881390.SH,城商行,600919.SH,江苏银行,66.3304,002142.SZ,宁波银行,52.6647,value-leader-v3.0.0
银行,地方性银行,881391.SH,农商行,601825.SH,沪农商行,37.1455,601077.SH,渝农商行,33.1322,value-leader-v3.0.0
非银金融,保险,881395.SH,保险,601628.SH,中国人寿,52.1905,601318.SH,中国平安,45.881,value-leader-v3.0.0
非银金融,多元金融,881397.SH,非货币银行,600901.SH,江苏金租,82.6667,600318.SH,新力金融,18.3333,value-leader-v3.0.0
非银金融,多元金融,881398.SH,信托,600517.SH,国网英大,69.3333,000563.SZ,陕国投Ａ,54.381,value-leader-v3.0.0
非银金融,多元金融,881399.SH,投资管理,000532.SZ,华金资本,50.0,,,,value-leader-v3.0.0
非银金融,多元金融,881400.SH,期货,600927.SH,永安期货,43.3651,603093.SH,南华期货,57.9683,value-leader-v3.0.0
非银金融,多元金融,881401.SH,租赁,000415.SZ,渤海租赁,26.3571,603300.SH,海南华铁,62.8333,value-leader-v3.0.0
非银金融,多元金融,881402.SH,金融控股,000987.SZ,越秀资本,65.1429,000617.SZ,中油资本,49.2667,value-leader-v3.0.0
非银金融,多元金融,881404.SH,其他金融服务,300773.SZ,拉卡拉,59.2083,000567.SZ,海德股份,81.0,value-leader-v3.0.0
非银金融,证券,881394.SH,证券,600030.SH,中信证券,63.9047,601211.SH,国泰海通,73.1956,value-leader-v3.0.0
食品饮料,休闲食品,881141.SH,零食,300972.SZ,万辰集团,54.7936,002847.SZ,盐津铺子,67.4074,value-leader-v3.0.0
食品饮料,休闲食品,881142.SH,烘焙食品,603043.SH,广州酒家,68.1111,603866.SH,桃李面包,48.8889,value-leader-v3.0.0
食品饮料,休闲食品,881143.SH,熟食,603057.SH,紫燕食品,36.4583,002695.SZ,煌上煌,59.3333,value-leader-v3.0.0
食品饮料,调味品,881139.SH,调味品,603288.SH,海天味业,63.3,600298.SH,安琪酵母,55.8333,value-leader-v3.0.0
食品饮料,酿酒,881131.SH,啤酒,600600.SH,青岛啤酒,55.3111,000729.SZ,燕京啤酒,65.5667,value-leader-v3.0.0
食品饮料,酿酒,881132.SH,葡萄酒,000869.SZ,张 裕Ａ,85.0,603779.SH,威龙股份,10.5714,value-leader-v3.0.0
食品饮料,酿酒,881133.SH,黄酒,601579.SH,会稽山,56.6667,600059.SH,古越龙山,65.0,value-leader-v3.0.0
食品饮料,酿酒,881134.SH,其他酒类,002568.SZ,百润股份,50.0,,,,value-leader-v3.0.0
食品饮料,酿酒,881135.SH,白酒,600519.SH,贵州茅台,76.6575,000858.SZ,五 粮 液,63.6347,value-leader-v3.0.0
食品饮料,食品加工,881145.SH,肉制品,000895.SZ,双汇发展,71.619,600073.SH,光明肉业,48.9592,value-leader-v3.0.0
食品饮料,食品加工,881146.SH,制糖业,600737.SH,中粮糖业,45.1333,605077.SH,华康股份,61.2,value-leader-v3.0.0
食品饮料,食品加工,881147.SH,预加工食品,603345.SH,安井食品,75.5048,002216.SZ,三全食品,54.7238,value-leader-v3.0.0
食品饮料,食品加工,881148.SH,保健品,300146.SZ,汤臣倍健,56.0,002626.SZ,金达威,43.5,value-leader-v3.0.0
食品饮料,食品加工,881149.SH,其他食品,002956.SZ,西麦食品,68.4667,603237.SH,五芳斋,62.8333,value-leader-v3.0.0
食品饮料,饮料乳品,881137.SH,软饮料,605499.SH,东鹏饮料,72.8333,603156.SH,养元饮品,60.6786,value-leader-v3.0.0
食品饮料,饮料乳品,881138.SH,乳制品,600887.SH,伊利股份,70.4953,002946.SZ,新乳业,75.0945,value-leader-v3.0.0
